{
  "project_info": {
    "project_number": "8395002605",
    "firebase_url": "https://location5.firebaseio.com",
    "project_id": "location5",
    "storage_bucket": "location5.appspot.com"
  },
  "client": [
    {
      "client_info": {
        "mobilesdk_app_id": "1:8395002605:android:dabbfcd450f36070",
        "android_client_info": {
          "package_name": "com.example.android.location5"
        }
      },
      "oauth_client": [
        {
          "client_id": "8395002605-5gf39oa1bp4glif6nh99iso7tgbribr2.apps.googleusercontent.com",
          "client_type": 3
        }
      ],
      "api_key": [
        {
          "current_key": "AIzaSyAVY2wj5DfeZb7bYjF3O278bRfTw1qxjH0"
        }
      ],
      "services": {
        "analytics_service": {
          "status": 1
        },
        "appinvite_service": {
          "status": 1,
          "other_platform_oauth_client": []
        },
        "ads_service": {
          "status": 2
        }
      }
    }
  ],
  "configuration_version": "1"
}